{"x_recon": [18.467434668913484, 12.054848052561283, 11.468638988211751, 11.191425176337361, 10.993242776021361, 10.818332615308464, 10.669843213632703, 10.542814441025257, 10.449993065558374, 10.37801112420857, 10.328372027724981, 10.301071071065962, 10.28312072250992, 10.266061176545918, 10.263226730749011, 10.251258823089302, 10.244351422414184, 10.237925768829882, 10.229959836229682, 10.22618951369077, 10.218997991643846, 10.209800411947072, 10.204444305039942, 10.198609791696072, 10.190056046471, 10.179971248842776, 10.181344161741436, 10.173917368985713, 10.171490289270878, 10.16631181165576], "y_recon": [102.10719189047813, 57.42033691331744, 29.88346854969859, 15.119882913306355, 9.656317312270403, 7.391746354289353, 6.216409977525473, 5.511842735111713, 5.082910100929439, 4.739926795475185, 4.453865098301321, 4.291931646876037, 4.1409132783301175, 4.0596337472088635, 3.880139834713191, 3.656643843278289, 3.531282109208405, 3.432439603842795, 3.3701371429488063, 3.291500602848828, 3.14183779200539, 3.0368880317546427, 2.966324724489823, 2.906666141236201, 2.846485656686127, 2.777170125162229, 2.7595369678456336, 2.713912173639983, 2.6885132272727787, 2.6568785216659307], "y_recon2": [218.09042954444885, 201.32363015413284, 171.61653603613377, 116.85874457657337, 67.70084384828806, 39.325867898762226, 23.550140166655183, 16.186937117949128, 12.57277905009687, 10.578291326761246, 9.45524151995778, 8.747493231669068, 8.296462356112897, 7.995154622942209, 7.664779633283615, 7.334975506179035, 7.100132081657648, 6.956018791534007, 6.8527171313762665, 6.762566639110446, 6.586749258451164, 6.429966593161225, 6.347003290429711, 6.273477829992771, 6.1897565415129066, 6.132762936875224, 6.089088232256472, 6.058652178850025, 6.035848856903613, 6.0098753701895475], "kl_div_z": [0.15113859387201956, 0.025147093252599007, 0.017435349775041686, 0.015038176488815225, 0.013307466460901196, 0.011283979502877628, 0.00973810565938038, 0.008814630669803591, 0.008105264604637341, 0.007302241017896449, 0.006520579129755788, 0.005926890002683649, 0.005361209974580561, 0.004946966485022131, 0.004482142878259765, 0.004197218993795104, 0.0038740863165003248, 0.003566331065030681, 0.003272909728821105, 0.003017069140014428, 0.0027609356898210535, 0.002588953619806489, 0.002467595254529442, 0.0022953023094487435, 0.0021184040581374575, 0.0020254671560451243, 0.0019438318149695988, 0.0017806321186526475, 0.001705332615529187, 0.0016067689914507355], "kl_div_w": [35.49091430485714, 38.09996920824051, 32.253381695598364, 20.323079066351056, 12.376842346973717, 8.533326904289424, 6.3804321344941854, 5.195864116773009, 4.517600723542273, 4.063845486845821, 3.736818125937134, 3.5589519697241485, 3.3880997160449624, 3.2681666840799153, 3.143472248222679, 3.0309648879338056, 2.961613340768963, 2.8830552473664284, 2.84377667773515, 2.7848572444636375, 2.736779839033261, 2.6991491632070392, 2.6678124160971493, 2.644361321348697, 2.6200560028664768, 2.581464347196743, 2.5944031807594, 2.5636945446021855, 2.557291660923511, 2.5410437418613583], "kl_div_w2": [1.1046204824233428, 1.9657757134409621, 3.9451179078314453, 7.009276352822781, 10.087294369004667, 12.70646855700761, 14.94191020168364, 16.718959901481867, 17.978406531736255, 18.738350354135036, 19.114431286230683, 19.25576974451542, 19.255764724686742, 19.167791090905666, 19.057401951402426, 19.02485384233296, 19.007697066292167, 18.97215373441577, 18.941557647660375, 18.909213606268167, 18.89111791178584, 18.931171426549554, 18.937710950151086, 18.96137847751379, 18.992121620103717, 19.01518378406763, 19.02262964658439, 19.05022427253425, 19.064449170604348, 19.072088265791535]}